id,category,raw_text,intended_text,body_placement,is_typo
1,biker_alpha,"nO rEgReTs",No Regrets,collarbone,1
2,biker_alpha,"NO RAGRETS!!!",No Regrets,chest,1
3,inspirational,"Never Don't Give Up",Never Give Up,forearm,1
4,memorial,"My Mom is an Angle",My Mom is an Angel,shoulder,1
5,family,"Sweet Pee",Sweet Pea,wrist,1
6,biker_alpha,"STRENGHT & HONOR",Strength & Honor,back,1
7,latin,"Carpe Diarrea",Carpe Diem,ribs,1
8,romantic,"Your 2 Beautiful",You're Too Beautiful,bicep,1
9,motivational,"Tommorrow Never Knows",Tomorrow Never Knows,shoulder_blade,1
10,motivational,"BeliEve in You're Self",Believe in Yourself,inner_arm,1
11,dark_humor,"Live Laugh Toaster Bath",Live Laugh Toaster Bath,calf,0
12,biker_alpha,"Born to loose",Born to lose,knuckles,1
13,inspirational,"Only God Can Fudge Me",Only God Can Judge Me,chest,1
14,biker_alpha,"Lions do not lose sleep over the opinions of sheep",Lions do not lose sleep over the opinions of sheep,back,0
15,biker_alpha,"Forged in fire, baptized in blood","Forged in fire, baptized in blood",chest,0
16,inspirational,"Pain is weakness leaving the body",Pain is weakness leaving the body,ribs,0
17,biker_alpha,"I fear no man but God",I fear no man but God,forearm,0
18,latin,"Veni Vidi Vici",Veni Vidi Vici,wrist,0
19,biker_alpha,"Lone Wolf - Alpha Pack Leader",Lone Wolf - Alpha Pack Leader,shoulder,0
20,biker_alpha,"Die with memories not dreams",Die with memories not dreams,back,0
21,motivational,"Stay Strong Through the Storm",Stay Strong Through the Storm,forearm,0
22,biker_alpha,"Ride hard or stay home",Ride hard or stay home,bicep,0
23,rebel,"Too Wild To Tame",Too Wild To Tame,collarbone,0
24,inspirational,"Faith Over Fear",Faith Over Fear,wrist,0
25,biker_alpha,"Warrior in a Garden",Warrior in a Garden,chest,0
26,inspirational,"Only the strong survive",Only the strong survive,back,0
27,inspirational,"Courage Under Fire",Courage Under Fire,forearm,0
28,biker_alpha,"Blood Makes You Related, Loyalty Makes You Family","Blood Makes You Related, Loyalty Makes You Family",ribs,0
29,biker_alpha,"Beast Mode Activated Forever",Beast Mode Activated Forever,bicep,0
30,rebel,"No Gods No Masters",No Gods No Masters,chest,0
